QuestionNo,Content
#1 WFD,The artists and conservative politicians follow their own rules in politics.
#2 WFD,Please confirm that you have received the textbook.
#3 WFD,The change of policy will have a great effect on society.
#4 WFD,You will acquire many skills during your academic studies.
#5 WFD,Graduates from this course typically pursue careers in the financial sector.
#7 WFD,The results of the study underscore the discoveries from early detection.
#15 WFD,Blue whales are the largest animals that have ever lived.
#18 WFD,A regional assembly was created following the devolution of power.
#20 WFD,A celebrated theory is still the source of great controversy.
#22 WFD,"A good architectural structure should be usable, durable and beautiful."
#25 WFD,A good scientific paper should have clear arguments.
#26 WFD,A massive accumulation of data was converted into a communicable argument.
#27 WFD,Today a number of students have volunteer jobs.
#29 WFD,The educational level is found to be related to social and economic background.
#31 WFD,A very basic feature of computing would be counting and calculating.
#32 WFD,Organization plays an important role in academic literature.
#35 WFD,Students who study environmental biology need to do fieldwork.
#37 WFD,Affordable housing is an important issue for all members of society.
#38 WFD,Agenda items should be submitted by the end of the day.
#39 WFD,All answers must be thoroughly researched and supported by relevant theories.
#40 WFD,All dissertations must be accompanied with a submission form.
#41 WFD,you must change your password every month 
#42 WFD,All lectures and learning materials can be found on the internet.
#43 WFD,All of the assignments must be submitted in person to the faculty office.
#47 WFD,Two drops of the solution were heated in a test tube.
#48 WFD,Technology has changed the media we both used and studied.
#49 WFD,Our view is that all the educational reforms have been inadequately implemented.
#51 WFD,"Although sustainable development is not , it is an unavoidable responsibility."
#56 WFD,An architect  requires  problem-solving skills and an eye for design.
#57 WFD,Research shows that knowledge and experience are essential to creativity.
#58 WFD,Animal behavior appears to contain both similar and distinct aspects to that of humans.
#67 WFD,"Before attending the lecture, you must register online or by post."
#68 WFD,"Before completing the exercise, you need to read the remaining chapters."
#69 WFD,"Before submitting your dissertation, your advisor must approve your application."
#75 WFD,The horizontal line in the graph indicates there was no change in the period.
#76 WFD,Building trust is not something that can be achieved overnight.
#79 WFD,Use the camera to see the fish.
#81 WFD,Certain scientific principles must be learned verbally or by a logical deduction.
#83 WFD,Please click the logo above to enter the site.
#84 WFD,Climate change is a fierce phenomenon acknowledged by scientists.
#85 WFD,Climate change is now an acceptable phenomenon among a group of reputable scientists.
#87 WFD,Collaboration between departments is a feature of successful companies.
#90 WFD,Students are required to have a biology degree to be enrolled in this course.
#91 WFD,Conferences ought to be always scheduled two weeks in advance.
#92 WFD,Consumer confidence has a direct influence on sales.
#94 WFD,Convincing evidence to support this theory is  to obtain.
#97 WFD,Daily practice can build confidence and improve skills.
#98 WFD,"Global connections increased in academic communities, thanks to social media."
#99 WFD,"Despite the protest, the chemistry department was closed down."
#100 WFD,"Doctoral writings have a structure in place, as well as scientific papers."
#101 WFD,Classical mechanics is sometimes considered as a branch of applied mathematics.
#102 WFD,The course places considerable emphasis on critical thinking skills.
#104 WFD,Economic problems caused a big rise in unemployment.
#105 WFD,The economic strength of early Roman Republic will be examined.
#106 WFD,Education and training provide important skills for the labor force.
#113 WFD,A good research assistant is not afraid to ask questions.
#115 WFD,Every student has both the right and the ability to succeed.
#118 WFD,Experts are now able to forecast weather over much longer periods.
#124 WFD,Find out how to get your resources before your research.
#126 WFD,Freshwater creatures didn't appear in the paintings until the modern period.
#128 WFD,Geography is generally divided into two main branches: human and physical.
#130 WFD,This course mainly introduces statistics and data analysis.
#134 WFD,The study of anthropology can help us to learn society today.
#136 WFD,He landed a job in a very prestigious law firm.
#142 WFD,The typical part of this course involves the study of society.
#146 WFD,I thought we would meet in the small meeting room.
#147 WFD,I will come back to this in a moment.
#150 WFD,"If finance is a cause of concern, scholarships may be available."
#151 WFD,The new research has produced some other unexpected results.
#152 WFD,"If you are not sure, phone student services for help."
#153 WFD,"If you need additional help, please visit the university resources center."
#155 WFD,Important details from the argument are missing in the summary.
#156 WFD,All of your assignments are due by tomorrow.
#157 WFD,"In addition to the class requirements, students must pass all the qualifying examinations."
#158 WFD,"In this language course, we focus on fluency and accuracy."
#170 WFD,It is really a comprehensive program comprising both theory and practice.
#173 WFD,It may not be possible to solve the problem easily.
#179 WFD,Lectures are the oldest and the most formal teaching method at university.
#181 WFD,Let me give you an example to explain what I mean.
#184 WFD,Library reference desks hold a lot of materials on academic history.
#186 WFD,His appointment as Minister of Culture was seen as a demotion.
#187 WFD,The commission of funds supported among authorities has raised an argument.
#188 WFD,"Making mistakes is fine, as long as you learn from them."
#189 WFD,Many birds migrate to warmer areas for the winter.
#191 WFD,The financial market reacts wildly to political uncertainty.
#199 WFD,Most of the theories were quite similar but a few critics disagreed.
#201 WFD,Most scientists believe that climate change threatens lives on the earth.
#203 WFD,"To gain access to the facilities, student cards must be shown."
#205 WFD,Most university teaching takes place in lectures and seminars.
#206 WFD,Mutually exclusive events can be described as either complementary or opposite.
#209 WFD,Neurons are principally involved in chemical processes.
#212 WFD,Novelists write about the best things that they know.
#213 WFD,Nurses can specialize in clinical work and management.
#215 WFD,Science is found everywhere in society today.
#217 WFD,Practical experience is a vital part of legal training.
#218 WFD,One of the election promises is to decrease the income tax.
#221 WFD,Organizational failure is considered from various perspectives in academic literature.
#223 WFD,"Our class will be divided into two groups: you will come with me, and the others will stay here."
#227 WFD,Our professor is hosting the business development conference.
#230 WFD,Packaging is very important to attract intended buyers.
#231 WFD,Packaging is very important to attract the attention of buyers.
#232 WFD,Parents are financially responsible for their children until they reach adulthood.
#233 WFD,Parents' talk to children tends to be simplified.
#235 WFD,Services are rapidly growing in parts of the global economy.
#236 WFD,Peer group pressure has a great effect on young people.
#237 WFD,People with active lifestyles are less likely to die early or have major illnesses.
#240 WFD,Good nutrition is crucial to the general health and vitality.
#241 WFD,Please check the information on the website for the opening time.
#247 WFD,Please remember to bring a highlighter and your textbook to class next Thursday.
#252 WFD,Effective presenters make eye contact with the audience.
#257 WFD,Public perception about biotechnology is crucial for developing scientific consensus.
#258 WFD,Radio is one of the most popular forms of entertainment throughout the world.
#261 WFD,Read the student safety instructions before using any equipment in the workshops.
#262 WFD,"Recession triggers exciting creativity, according to public wisdom."
#265 WFD,Remember to sign the attendance register before leaving the lecture hall.
#267 WFD,"Remember, the prestigious election of stewardship has strict eligibility criteria."
#272 WFD,The development has a great negative impact on the environment.
#273 WFD,Safety glasses should be worn while doing experiments in the lab.
#274 WFD,Sales figures for last year were better than expected.
#275 WFD,Science is found in society all around the world.
#276 WFD,The supposed scientific benefits of space exploration are frequently questioned.
#279 WFD,Scientists learned through the observations and the analyses of the human behavior.
#280 WFD,Sea levels are expected to rise during the next century.
#284 WFD,She began by giving an outline of the previous lecture.
#285 WFD,She has made a significant contribution to the field of chemistry.
#286 WFD,Most students need computers to do homework.
#287 WFD,She used to be the editor of the student newspaper.
#288 WFD,Some departments have their own specialist book collections.
#289 WFD,Some economists argue that the entire financial system is fatally flawed.
#292 WFD,Some people argue that education is not that important.
#293 WFD,Some people believe that education should be free for all.
#294 WFD,Some people regarded this as eyewash whereas some people asked for the status of their complaints and actions taken.
#297 WFD,Statistical results should be expressed in different ways depending on the circumstances.
#299 WFD,Student representatives will be visiting the classes with voting forms.
#300 WFD,Students are advised to use multiple methods for this project.
#302 WFD,Students are encouraged to monitor their own attendance.
#303 WFD,Students are encouraged to think carefully about their accommodation needs.
#308 WFD,Students have the options to live in college residences or apartments.
#309 WFD,Tomorrow's lecture has been canceled due to the power cut.
#310 WFD,Students requiring an extension should apply sooner rather than later.
#311 WFD,Students should have awareness of how the business develops globally.
#313 WFD,The students were instructed to submit their assignments by Friday.
#314 WFD,Students who are successful have a good strategy for learning.
#315 WFD,Students intending to go to the conference must register now.
#316 WFD,Students will focus on reporting news on the changing media world.
#323 WFD,Undergraduates may pursue their specific interests within certificate programs.
#324 WFD,Teaching assistants will receive a monthly stipend for housing.
#325 WFD,Textile manufacturing plays a large role in some economies.
#326 WFD,That brief outline takes us to the beginning of the twentieth century.
#328 WFD,The ability to work with fellow students cannot be stressed enough.
#329 WFD,Some studies show the link between depression and social media.
#330 WFD,The aerial photographs were promptly registered for thorough evaluation.
#331 WFD,Our aim is to reduce the risks that people take.
#332 WFD,The application process may take longer than expected.
#333 WFD,The archeologist's new discoveries stand out in the previously overlooked foundations.
#335 WFD,The article considers the leisure habits of teenagers in rural areas.
#341 WFD,The company has procedures to ensure quality and service.
#351 WFD,The bar chart provides useful means of data comparison.
#354 WFD,The business policy seminar includes an internship with a local firm.
#356 WFD,"The cafeteria features sandwiches, salads, soup, fish and chicken."
#357 WFD,The new camera can identify your eyes and focus on them.
#360 WFD,The chemistry building is located near the entrance of the campus.
#370 WFD,The course helps students to improve their pronunciation skills.
#373 WFD,The earth's atmosphere is primarily composed of oxygen and nitrogen gases.
#374 WFD,The curriculum should be adjusted to incorporate recent developments.
#375 WFD,The dance department stages elaborated performances each semester.
#377 WFD,The department has a higher proportion of postgraduate students.
#379 WFD,The designers will complete the plan later today.
#381 WFD,The dining hall will undergo renovations during the fall break.
#382 WFD,The director of the gallery was grateful for the anonymous donation.
#387 WFD,The economy is now showing the first sign of recovery.
#391 WFD,The equality has not yet been achieved in this society.
#393 WFD,The essay will be published once the research is finished.
#395 WFD,The exam application system has been upgraded for professional exams.
#397 WFD,The extent of advertising for children is open to much debate.
#399 WFD,"The faculty staff are very approachable, helpful and extremely friendly."
#402 WFD,The final year will consist of four taught courses and one project.
#407 WFD,The history of the movement was recorded by several writers.
#410 WFD,The introduction is an important component of a good presentation.
#411 WFD,The island is located at the south end of the bay.
#412 WFD,The key difference between courses is the kind of assessment.
#415 WFD,The lecture will cover the reason of climate change.
#416 WFD,The lecture tomorrow will discuss the educational policy in the United States.
#418 WFD,University graduates lose their time finding jobs.
#419 WFD,The marketing budget has doubled since the beginning of the year.
#421 WFD,We can see the stars that formed 13 billion years ago.
#422 WFD,The most important details in this argument are missing.
#424 WFD,The most popular courses still have a few places left.
#426 WFD,The museum is closed on Thursday mornings every month.
#427 WFD,The nation achieved prosperity by opening its ports for trade.
#429 WFD,All students are allowed to take the notes from the library.
#430 WFD,Extension requirement for the assignment must be submitted before the deadline.
#435 WFD,The other book isn't thorough but it's more insightful.
#438 WFD,The placement test of mathematics and statistics is offered every semester.
#439 WFD,The plight of wildlife has been ignored by local developers.
#441 WFD,The professor took a year off to work on her book.
#442 WFD,Students will study the language and literature of ancient Greece.
#445 WFD,The American astronomers made a plan for landing a spaceship on Mars.
#446 WFD,The railway makes long-distance travel possible for everyone.
#454 WFD,The rising temperature is changing the wildlife population.
#459 WFD,The summer school program allows students to accelerate their studies.
#460 WFD,The scientists found most of the studies today.
#466 WFD,Many researchers have studied stress in academic study.
#468 WFD,The summer course was canceled due to insufficient re-enrollments.
#469 WFD,Social media has grown enormously in recent years.
#470 WFD,Assignments must be submitted at the end of the term.
#475 WFD,You should submit your term papers to the general office.
#477 WFD,The theater study courses encourage students to exercise their creativity.
#478 WFD,"The theme of the instrumental work exhibits more of a demure, compositional style."
#482 WFD,Timetables for the new term will be available next week.
#483 WFD,Urbanization increases the costs for other communities.
#484 WFD,Social media is responsible for helping the government to solve social problems.
#486 WFD,More research is required in the field of food science.
#494 WFD,The vocabulary that is peculiar in a specific field is called jargon.
#495 WFD,Students must wear protective clothing provided in the medical laboratory.
#496 WFD,The ways in which people communicate are constantly changing.
#503 WFD,There are some doubts about whether these events actually occurred.
#505 WFD,There is a clear need for further research in this field.
#507 WFD,There is a pharmacy on campus near the bookstore.
#508 WFD,There is a welcome party for all new students each term.
#509 WFD,The transformation of media has changed the way information is both used and studied.
#514 WFD,There will be a conference here next summer on using the web for academic research.
#518 WFD,Art is an expression of creative skills and imagination.
#521 WFD,This course is integrated because it has several parts.
#522 WFD,This course provides the opportunity to get valuable industry experience.
#526 WFD,Writing history needs a careful selection process of diverse sources.
#528 WFD,Currently the growth of the economy is unpredictable.
#531 WFD,Those who are considering a career in marketing should attend the talk.
#534 WFD,all students do their homework at home 
#539 WFD,Traffic is the main cause of air pollution in many cities.
#540 WFD,Travelling by boat on the river is not possible in winter.
#541 WFD,The elective course introduces engineering students to construction practices and concepts.
#548 WFD,Understanding how to use the library will save your time.
#549 WFD,Scientists have found all parts of science today.
#551 WFD,University fees are expected to increase next year.
#553 WFD,Water filters on campus will discourage the unnecessary use of plastic bottles.
#554 WFD,We are able to work in a team.
#555 WFD,We need to work together to achieve high educational standard.
#556 WFD,The theme of the course is to encourage students to develop their creativity.
#557 WFD,We have not yet achieved equality in our society.
#558 WFD,We have sufficient methods to study brain activity.
#559 WFD,We study science to understand and appreciate the world around us.
#560 WFD,We support the research on problems related to tropical cyclone dynamics and forecasting.
#564 WFD,"When launching a product, investigating and marketing are very crucial."
#569 WFD,"While reconciliation is desirable, basic underlying issues must first be addressed."
#571 WFD,The essay is  to complete once the research is finished.
#580 WFD,You can use your laptops in the lecture.
#581 WFD,The three elective courses were carried out in the program.
#584 WFD,You need to hand in the essay next semester.
#587 WFD,The staff is cleaning the room for tomorrow morning's meeting.
#588 WFD,You are able to contact a number of research subjects.
#590 WFD,The department has been reimbursed for equipment.
#596 WFD,Enrolling in a second major will increase your career options.
#598 WFD,Check the website if you are looking for discounted textbooks.
#599 WFD,Consumer confidence tends to increase as the economy expands.
#600 WFD,Continuing students will be sent necessary application forms.
#601 WFD,Distance learning allows you to develop a career around your commitments.
#603 WFD,Economic development needs to be supported by the government.
#604 WFD,"As student union members, you can influence and change our university."
#605 WFD,Every student has a regular meeting with his or her personal tutor.
#610 WFD,Growing population has posed a challenge to many governments.
#611 WFD,"In his lifetime, he composed a large number of works."
#613 WFD,Industry experts will discuss job opportunities in an automated workforce.
#615 WFD,It would be extremely beneficial to work together.
#619 WFD,Manufacturing now employs more people than agriculture and fishing combined.
#620 WFD,Mature students usually adapt to university life extremely well.
#621 WFD,More research is needed before any definitive conclusion is drawn.
#622 WFD,Students are encouraged to take part in their study as well as games.
#624 WFD,Our courses help to improve critical thinking and independent learning skills.
#626 WFD,Our laboratory equipment is provided free of charge.
#627 WFD,Peer review is an essential part of the scientific method.
#629 WFD,Please provide the reports to support your idea of these arguments.
#631 WFD,Protective clothing must always be worn in the laboratory.
#633 WFD,Research shows that exercising makes us feel better.
#635 WFD,The science library is currently located on the ground floor of the library.
#636 WFD,Several candidates will be qualified as the greatest scientists of all time.
#637 WFD,"Strangely, people are simultaneously impressed by and skeptical of statistics."
#638 WFD,The student advisor was aware that the lecture today has been canceled.
#644 WFD,The cooperator operates a continuous assessment.
#646 WFD,The Industrial Revolution in Europe was driven by steam technology.
#650 WFD,The office hours will be changed from next term.
#653 WFD,The site is designed to be highly interactive.
#654 WFD,The studies showed that Hong Kong people are the most active in Asia.
#655 WFD,The teacher training includes observing the classes.
#659 WFD,The visiting speaker used to be a lecturer in this department.
#660 WFD,Time and distance are used to calculate speed.
#663 WFD,There are more opportunities to receive the grants in most anticipated fields.
#664 WFD,There have been many changes recently in the mathematics department.
#669 WFD,"For the purpose of research, data should be collected and analyzed."
#670 WFD,Students can find news of climate change.
#672 WFD,Students are encouraged to read new books recommended by Professor Jones.
#673 WFD,Tutors should set a clear goal at the start of the class.
#675 WFD,Universities should invest in new technologies designed for learning.
#676 WFD,Universities need to secure the grants for research subjects.
#680 WFD,"Without doubt, this theory has a number of limitations."
#686 WFD,Library plays an important role in students' lives.
#688 WFD,A group meeting will be held tomorrow in the library conference room.
#690 WFD,The reception staff can give advice about renting private accommodation.
#692 WFD,The essay will argue that the technology does more harm than good.
#695 WFD,The opening hours of the library are reduced during summer.
#696 WFD,I didn't understand the author's point of view on immigration.
#697 WFD,A laptop computer has been found in the biology lab.
#698 WFD,"Despite their differences, all forms of life share certain characteristics."
#699 WFD,We hold the visiting days throughout this year for all undergraduate students.
#701 WFD,Many vocational courses in the institution are funded by private enterprises.
#707 WFD,Human beings compete with other living things for resources and space.
#708 WFD,"Major sports on campus include rugby, soccer and tennis."
#710 WFD,Listening is the key skill needed to succeed in this course.
#713 WFD,The speaker began by giving an outline of her presentation.
#714 WFD,Native speakers are exempted from the language tests in their own languages.
#715 WFD,The study is among the initial projects funded by the university.
#717 WFD,Make sure you choose a course that provides great career opportunities.
#721 WFD,Resources and materials are on hold at the library reference desk.
#722 WFD,Courses are assessed by group work and individual assignment.
#723 WFD,Globalization has been an overwhelming urbanization phenomenon.
#725 WFD,Physics is a key subject for understanding the world and the universe.
#726 WFD,Undergraduates have a wide range of cultural modules to choose from.
#729 WFD,We can all meet at my office after the lecture.
#730 WFD,Too much information may be avoided by good research design.
#731 WFD,Graphs and charts allowed data more easily to be understood.
#732 WFD,Safety is most important in the biology lab.
#733 WFD,Implementation figures are expected to improve over the next few years.
#734 WFD,The garden behind the university is open to the public in summer.
#735 WFD,The history of the university is a long and interesting one.
#736 WFD,Food has become a political issue in the world today.
#737 WFD,Banks charge interest on the money they lend to customers.
#738 WFD,The student shop sells a range of stationery.
#740 WFD,A series of the observations were carried out in the classroom.
#741 WFD,The task tomorrow will require a higher level of skill.
#743 WFD,Being bilingual does not necessarily mean having the ability to analyze the languages.
#745 WFD,Journalism faces a crisis in light of the digital revolution.
#746 WFD,Gravity makes objects attracted to one another.
#747 WFD,The academic tradition of the school ensures excellence.
#749 WFD,"When parents talk to children, the tense is simplified."
#754 WFD,Leaving valuable possessions unattended in public places is risky.
#755 WFD,This book can be borrowed for a maximum of one week.
#757 WFD,Purity is one feature that makes gold expensive.
#760 WFD,You need to put these books on the table over there.
#764 WFD,I thought it was through the small meeting room.
#767 WFD,"Nowadays, accounting is far more important for businesses than ever before."
#769 WFD,The new technician dropped the microscope in the biology lab.
#772 WFD,Certain organisms can reproduce using just one parent.
#774 WFD,Biology department is dedicated to research activities.
#779 WFD,The researchers are disappointed that the results of the research have been proved to be inconclusive.
#788 WFD,The quality of your statistical information depends on your raw data.
#789 WFD,Criminal charges will be brought against all of the men.
#793 WFD,Being a vegan means not consuming any animal products.
#798 WFD,"Sugar is a compound including carbon, hydrogen and oxygen atoms."
#799 WFD,International exchanges formed the important part of our study program.
#801 WFD,The lectures today were carried out in the field of global warming.
#805 WFD,Laundry facilities are available in each school unit free of charge.
#806 WFD,Castles were designed to intimidate both local people and the enemies.
#808 WFD,Biology involves the study of life of all levels.
#809 WFD,The stock market cracked and had repercussions throughout the world.
#819 WFD,Plants are able to continue growing throughout their lives.
#821 WFD,There is a list of dedicated librarians available during teaching time each term.
#822 WFD,All students are expected to participate in all class activities.
#824 WFD,Artists need to make their works both original and accessible.
#835 WFD,We cannot consider an increase in our price at this stage.
#842 WFD,Social policy is a study of social respondence for the government.
#844 WFD,The toughest part of postgraduate education is funding.
#845 WFD,We can have a lecture on the morning of Thursday.
#847 WFD,Americans have typically defined the process of plant growth in quantitative terms.
#850 WFD,This class will look at the structure of the essay.
#856 WFD,The archeologists were astonished by the unexpected previously overlooked foundations.
#858 WFD,The year when the ship of artifacts was wrecked interested historians.
#859 WFD,Studying history can help you better understand the present.
#863 WFD,Scholarship applications must be handed in at the end of the month.
#864 WFD,Many universities' lectures can now be reviewed on the Internet.
#866 WFD,Air pollution is a serious problem all over the world.
#867 WFD,Globalization in the modern world leads to economic growth.
#874 WFD,Marine environments have been destroyed through pollution and unsustainable development.
#877 WFD,We should never underestimate the power of creative design.
#880 WFD,This course aims to develop your knowledge of statistics.
#882 WFD,Employment figures will decrease in the next few years.
#885 WFD,The new media has transcended the traditional national boundaries.
#888 WFD,This advanced course requires a basic knowledge of economic theory.
#889 WFD,"While some people regard it as reforming zeal, others regard it as recklessness."
#893 WFD,Eating fish twice a week is a recommendation of health diet.
#894 WFD,There are many different styles of business management.
#895 WFD,The course covers architecture planning and construction on the international scale.
#899 WFD,Children start producing words before they are able to walk.
#900 WFD,The rising of the sea level indicates climate change.
#902 WFD,The timetable for next term will be available next week.
#903 WFD,At university students can make friends for life.
#904 WFD,Academic libraries across the world are steadily incorporating social media.
#907 WFD,The garden behind the university is a long and interesting one.
#910 WFD,The goal of the government policy is to increase the foreign investment.
#911 WFD,A thorough bibliography is needed at the end of every assignment.
#913 WFD,Designers need to keep up with social trends.
#919 WFD,The library holds a substantial collection of materials on economic history.
#922 WFD,Students intending to attend the conference must register first.
#930 WFD,New developments in manufacturing are constantly changing the way we live.
#932 WFD,Take the first step by applying for the university scholarship now.
#933 WFD,The course involves a combination of pure and applied mathematics.
#934 WFD,Studying medicine allows for a wide range of career opportunities.
#937 WFD,Renovation work is currently being undertaken throughout the whole building.
#941 WFD,They developed a unique approach to training their employees.
#943 WFD,Farming methods across the world have greatly developed recently.
#945 WFD,Psychologists say that what we expect to happen influences our behaviors.
#946 WFD,The seminar provides an opportunity to exchange ideas with other students.
#949 WFD,Babies can distinguish between what is language and what is not
#951 WFD,Honey can be used as food and health product.
#953 WFD,The two sides have disagreed on how to solve the problem.
#957 WFD,Much of the research is carried out in the laboratory.
#959 WFD,Key business partners are often involved in shared expense accounts.
#960 WFD,The library will stay open until midnight this week.
#963 WFD,Speak to your tutor if you require further assistance.
#964 WFD,You should provide examples to support your ideas and arguments.
#965 WFD,You must answer security questions when you reset your password.
#974 WFD,Archeologists discovered tools and other artifacts near the ancient tomb.
#976 WFD,The study of the economy is a tricky subject to research.
#977 WFD,The printers automatically print two sides of each page.
#978 WFD,The bus to London will leave ten minutes later than expected.
#980 WFD,Your ideas have been discussed and debated in seminars and tutorials.
#981 WFD,All medical students must clean their hands before entering the room.
#983 WFD,The reception staff can give information of lending and printing.
#984 WFD,The coffee machine located on the third floor is not working today.
#985 WFD,Make sure you have saved all the files before turning off the computer.
#986 WFD,The library will be closed for staff training tomorrow morning.
#987 WFD,The job for tomorrow will require higher level skills.
#990 WFD,Field trips are essential parts of most geography courses.
#991 WFD,Sociology policies are the sources of the government to solve social problems.
#993 WFD,Sound waves are unable to travel through the vacuum.
#995 WFD,Firm conclusions can be established through rigorous experiments.
#996 WFD,Salt is produced from the seawater or extracted from the ground.
#998 WFD,We will hold a celebration for the graduated students.
#999 WFD,Photography can be really useful in geographical research.
#1000 WFD,The north campus car park could be closed on Sunday.
#1001 WFD,"Most of the lectures begin promptly, so do not be late."
#1002 WFD,Scientists recognize different ice types according to the water molecule content.
#1004 WFD,Momentum is defined as the combination of mass and velocity.
#1005 WFD,The collapse of the housing market has triggered recessions throughout the world.
#1006 WFD,Even simple techniques need to be practiced to become perfect.
#1007 WFD,Slides and handouts can be downloaded after the lecture.
#1008 WFD,Students should leave their bags on the tables by the door.
#1010 WFD,Late applications are not accepted under any circumstances.
#1010 WFD,Late applications are not accepted under any circumstances.
#1011 WFD,It helps you to rationally assess your arguments.
#1013 WFD,Social media is criticized for causing Internet addiction.
#1014 WFD,The area has a number of underwater habitats and species.
#1016 WFD,The university has invested in the new technology designed for learning.
#1021 WFD,The English degree is especially valuable in the third year.
#1022 WFD,Mathematics provides a foundation for understanding and analyzing data.
#1023 WFD,A visit to the designed museum is of great value.
#1024 WFD,The project is divided into four main sections.
#1025 WFD,Relying on natural ability will not get you far in science.
#1026 WFD,Football is played throughout all years at the university.
#1029 WFD,The government is funding research study on the consequences of unemployment.
#1031 WFD,The department works closely with its partners in the business community.
#1032 WFD,The digital camera has some advantages over traditional film.
#1033 WFD,Critical thinking is one part of a broad education.
#1034 WFD,The farmers need to adapt to the changes in the climate.
#1035 WFD,Students must attend the safety course before entering the engineering workshop.
#1037 WFD,The English degree involves certain placements in the third year.
#1039 WFD,Auditions for the university choir will be held next week.
#1040 WFD,Extracurricular activities can help students to develop more talents.
#1041 WFD,A good abstract highlights the key points of your paper.
#1042 WFD,Please return the reference book to the correct position on the shelf.
#1045 WFD,You will be tested via continuous assessment and examinations.
#1051 WFD,Open days for undergraduates occur all year round for campus visits.
#1052 WFD,All of your assignments should be submitted by next Tuesday.
#1053 WFD,The university is seeking funding for a project focused on climate change mitigation.
#1055 WFD,The history department is very active in research.
#1056 WFD,Art and design is a competitive field to work in.
#1057 WFD,All of your assignments should be submitted by next Tuesday.
#1058 WFD,The skills of great stage actors cannot be taught.
#1059 WFD,Philosophy uses logic and reason to analyze human experience.
#1060 WFD,Linguistics is the scientific study and analysis of language.
#1061 WFD,It is argued that students can learn more by collaboration rather than as individuals.
#1062 WFD,Imported default packages are likely to be used for most computers.
#1063 WFD,Professors with higher educational standards trained them extremely seriously.
#1065 WFD,An effective business manager is always open to new ideas.
#1069 WFD,Many diseases that were once serious have now been eradicated.
#1070 WFD,Providers of higher education treat plagiarism extremely seriously.
#1071 WFD,Calculators allow us to add numbers without making mistakes.
#1072 WFD,Measures must be taken to prevent unemployment rate from increasing.
#1073 WFD,It takes a long time to walk to the university.
#1079 WFD,The universities provide excellent leisure facilities for students and staff.
#1081 WFD,A new collection of articles has just been published.
#1082 WFD,The history of economics is a tricky subject to study.
#1083 WFD,We are researching on the most significant challenges we are facing in our society today.
#1087 WFD,Students would develop confidence in their ability to think critically.
#1089 WFD,Experts of the financial department will give the guests a lecture.
#1090 WFD,Urban planning emphasizes efficiency and expansion of community.
#1091 WFD,These three separate resources are not enough for this assessment.
#1092 WFD,"When the root system of a plant fails, foliage suffers."
#1094 WFD,The use of mobile phones is not permitted in the library.
#1095WFD,It is interesting to observe the development of the language skills of toddlers.
#1095 WFD,It is interesting to observe the development of the language skills of toddlers.
#1096 WFD,Online courses enable people to improve their skills while employed.
#1097 WFD,The night sky has always involved mystery and wonder.
#1100 WFD,Sugar is a soluble carbohydrate which is always used in sweet food.
#1101 WFD,Nutrition plays a key role in athletic performance.
#1104 WFD,Every living thing begins as a single cell.
#1105 WFD,Many university lectures can now be viewed on the Internet.
#1107 WFD,That means they have a number of structural overlaps.
#1108 WFD,Humans use symbolic languages to communicate plans and intentions.
#1110 WFD,The course will start with the history of architecture.
#1111 WFD,Many universities provide exchange programs to other countries.
#1112 WFD,Technologies have rapidly transformed the lifestyle of the majority.
#1113 WFD,Career mobility is very important for new graduates.
#1114 WFD,Creativity is more important to undergraduates.
#1115 WFD,All students have their own styles of learning.
#1118 WFD,Reading histories involves a process of careful selections.
#1120 WFD,Experts say learning and listening to music can reduce the stress.
#1122 WFD,Researches show that spending time outdoors has a range of benefits.
#1123 WFD,"When sentencing, the court will decide whether the defendant regrets his actions."
#1125 WFD,Scholarships are available for both local and international students.
#1126 WFD,Our company is intended to hire more than ten thousand people worldwide.
#1128 WFD,British students must study mathematics at secondary schools.
#1131 WFD,The Internet has transformed the nature of publishing.
#1132 WFD,Many important policies need to be made.
#1134 WFD,Having strong motivation is vital for achieving your goal.
#1135 WFD,The lecture will take place in the main hall.
#1139 WFD,The deadline for the marketing and scientific assignment will be extended.
#1141 WFD,The deadline for the submission of this assignment is tomorrow.
#1142 WFD,City planners recognize the need for accessible public transport options.
#1143 WFD,There are a variety of different ways to present statistical information.
#1144 WFD,Accommodations on campus are limited but there are more options nearby.
#1146 WFD,The student magazine is looking for a new editor.
#1147 WFD,Libraries in many areas were closed due to lack of funding.
#1148 WFD,Understanding visual media has never been more challenging.
#1151 WFD,There is no economic reason why public borrowing is necessarily bad.
#1152 WFD,Academic journals are usually edited by subject specialists.
#1153 WFD,Gold is a metal that occurs naturally in a pure state.
#1155 WFD,"For the small businesses, making profit is the main priority."
#1157 WFD,Medical books and journals have been moved to the second floor.
#1158 WFD,It is an integrated course with several main elements.
#1161 WFD,Businesses must adapt to the general data protection regulations.
#1163 WFD,Please make sure your application follows the guidelines provided.
#1164 WFD,A wide range of courses covered different aspects in this subject.
#1165 WFD,The amount of time spent on configuration varies considerably.
#1166 WFD,Our company must have independent financial auditing.
#1167 WFD,A surprisingly large number of students applied for that course.
#1168 WFD,An essay should use evidence from both primary and secondary sources.
#1171 WFD,Our workshops are open for all students on campus.
#1172 WFD,The shipwreck of this year ruined some artifacts which were interested by historians.
#1174 WFD,The degree is taught by using a mixture of lectures and seminars.
#1176 WFD,The university library holds a number of collections of geological maps.
#1177 WFD,This course can help to deepen your appreciation of art.
#1178 WFD,We help students to develop their individualities and follow their interests.
#1181 WFD,It is clear that the human population impacts the environment.
#1183 WFD,Rising inflation leads to increasing goods prices and decreasing demand for products.
#1184 WFD,Our company currently employs more than ten thousand people worldwide.
#1185 WFD,Your tutor will provide the guidance on how to structure the essays.
#1186 WFD,The public is often misled by the biased coverage.
#1187 WFD,Rising sea temperature is a sign of climate change.
#1190 WFD,These words recognize the excellence of undergraduates' research projects.
#1191 WFD,Students may only park their cars in authorized university parking spaces.
#1192 WFD,Technology is no longer a simple tool that we can control.
#1196 WFD,Business practices must obey contemporary general regulations.
#1199 WFD,Students are permitted to park in campus parking spaces.
#1200 WFD,We are phasing out the disposable cups on campus.
#1201 WFD,The urban geography degree includes the study of demography.
#1202 WFD,The teaching staff are actively engaged in original research.
#1203 WFD,Please follow the guidelines for more information on setting the goals.
#1204 WFD,The terms illness and disease are confusing despite clear differences.
#1206 WFD,Many universities are continuously expanding the postgraduate education's online learning
#1207 WFD,The study of utilizing projects is funded by the university.
#1209 WFD,Most known oil reserves last for only half a century.
#1210 WFD,Online courses allow students to work at their own pace.
#1211 WFD,Companies' projects must adapt to the general data protection regulations.
#1213 WFD,Our aim is to transform classical teaching in the classroom.
#1216 WFD,"The finding shows that cocoa in chocolate can improve memory, immunity and mood."
#1217 WFD,New developments in technology are influencing current research.
#1218 WFD,Mental health professionals are talking about the topic of vulnerability.
#1220 WFD,We are able to accommodate more students than previously.
#1222 WFD,Scientific experiments should be repeated in verifying the results.
#1231 WFD,The economic predictions turned out to be incorrect.
#1238 WFD,He wrote poetry and plays as well as scientific papers.
#1244 WFD,Mechanical engineering first became prominent during the Industrial Revolution.
#1245 WFD,The digital revolution has changed the way we read.
#1248 WFD,The study of history can provide unique insight.
#1249 WFD,"at that time, few people moved from the town to the village."
#1255 WFD,"If you need a parking ticket, see me after the lecture."
#1257 WFD,There are a variety of disciplines in the field of engineering.
#1258 WFD,The content is to define the combination of math and philosophy.
#1259 WFD,These regions were both areas of economic development.
#1272 WFD,Mechanical evolution became a predominant phenomenon during the Industrial Revolution.
#1276 WFD,Changing your interest is a natural part of the learning process.
#1281 WFD,The needs of the nation determine a person's achievements.
#1286 WFD,The falling birth rate means the number of students drops.
#1288 WFD,Medical researchers have focused on the causes of diseases and treatments.
#1292 WFD,Coastal communities are particularly vulnerable to rising sea levels.
#1293 WFD,"At that time, few people moved from towns to villages."
#1296 WFD,Social policy describes the ways societies meet human needs.
#1297 WFD,Plants are the living things that can grow on land or in water.
#1299 WFD,We are more able to accommodate postgraduate students than previously possible.
#1306 WFD,"When the court announces the sentence, the judge will see if she is regretting."
#1308 WFD,The university's main library will be open till midnight next Saturday.
#1310 WFD,All new medical school students must attend the talk about optional courses.
#1323 WFD,New media journalism is an exciting area of study.
#1326 WFD,The tutorial timetable can be found on the course website.
#1327 WFD,The paper has the potential to transform life science.
#1328 WFD,The capacity of programming computers is expanding enormously every year.
#1329 WFD,Scientists were unsure when the early man left Africa.
#1334 WFD,The library has a number of collections of historical and social statistical publications.
#1338 WFD,The employment opportunities available in engineering are increasing rapidly.
#1341 WFD,Undergraduate students can select what interests them most in the science program.
#1345 WFD,We are continuing to provide postgraduate online learning resources.
#1346 WFD,The closing date of application for travel scholarship is next Monday.
#1347 WFD,The untapped potential of using the sun's rays is phenomenal.
#1356 WFD,The university canteen is now offering many healthy meal options.
#1358 WFD,Communication skills have become more important in recent years.
#1359 WFD,"All industries consist of systems of inputs, processes, outputs and feedback."
#1361 WFD,Thousands of people turned out to be at the presidential address.
#1369 WFD,Assignments should be submitted to the department office before the deadline.
#1372 WFD,"Before the invention of the refrigerator, people stored food in underground ice houses."
#1378 WFD,"Global connections thrive in academic communities, thanks to social media."
#1386 WFD,At this time experts are not able to analyze the effects of the new policy.
#1396 WFD,The restrooms are down the entrance and to the right.
#1397 WFD,We should have a meeting to discuss and report.
#1398 WFD,Calculators may not be used in the examination.
#1402 WFD,Please turn off the light to save energy.
#1403 WFD,Make sure to wash your hands before preparing food.
#1404 WFD,The rising inflation rate indicates a decrease in demand for consumer products.
#1406 WFD,Music has the ability to shape our emotions.
#1407 WFD,Please move us to the meeting room for the next hour.
#1408 WFD,The students will meet their new teachers after the summer vacation.
#1411 WFD,Food containing ample calories provides little or no nutritional value.
#1412 WFD,Agricultural development is vital for poor rural areas.
#1413 WFD,Please close the door behind you when you leave the room.
#1417 WFD,There is an accounting assignment for finance students.
#1420 WFD,Please turn off the light to save energy.
#1422 WFD,We are looking for new ways to engage learners.
#1425 WFD,Practical experiments are a central part of the chemistry course.
#1426 WFD,The restaurants are down the hall and to the right.
#1429 WFD,"When you attend a job interview, punctuality is the key."
#1431 WFD,You can get your coffee and tea in the lounge.
#1432 WFD,More physical activity is beneficial to your health.
#1433 WFD,Advanced technology will create growth in the economy.
#1434 WFD,The weather used to be lovely at this time of the year.
#1436 WFD,The teacher explained the homework to the class.
#1438 WFD,Students are advised that all the lectures today have been canceled.
#1442 WFD,A world-renowned expert on financial management will give a guest lecture.
#1444 WFD,Information technology has changed the way people study today.
#1445 WFD,You will study two core and three optional modules.
#1447 WFD,You do not need to have specialist knowledge to enjoy this book.
#1449 WFD,Many food crops require a large amount of water and fertilizer.
#1454 WFD,The government financial plan has threatened the social services.
#1461 WFD,My sister runs a business about small toys.
#1463 WFD,Scientists were unsure when the early man first left Africa.
#1469 WFD,"In my opinion, this car should be repaired soon."
#1472 WFD,The local government has adopted a plan for infrastructure development.
#1474 WFD,Students and staff will automatically become a member in their library.
#1477 WFD,Archeologists discover tools and fossils from ancient times.
#1481 WFD,Lecture outlines are available on the faculty board and the internal website.
#1484 WFD,New materials and techniques are changing the style of modern architecture.
#1493 WFD,"In addition to lecture programs, you will be offered tutorials."
#1499 WFD,There must be planets in the universe that can support life.
#1503 WFD,Meteorology is the detailed study of the Earth's atmosphere.
#1504 WFD,There is an agreed consensus that the leadership skills can be taught.
#1511 WFD,The study center in the library has all the latest technologies.
#1523 WFD,There is a widely believed perception that engineering is for boys.
#1528 WFD,We are looking at introducing new methods that are both practical and engaging.
#1565 WFD,The amount of time spent on configuration varies considerably.
#1666 WFD,The subject is complex and difficult to explain.
#1669 WFD,Today's lecture is canceled because the lecturer is ill.
#1727 WFD,The university will cease the colossal renovation of the faint empty theater.
#1810 WFD,You can borrow eight books from the library at a time.
#1837 WFD,The university now faces a serious challenge of finance.
#1848 WFD,Students must present a valid identification to enroll in this course.
#1943 WFD,She is an expert in the eighteenth-century French literature.
#1962 WFD,Please note that the seminar has now been canceled.
#1970 WFD,One student representative will be selected from each class.
#1975 WFD,His analysis study appears to be based on the false premise.
#1981 WFD,All of your arguments must be supported by evidence and relevant theories.
#1986 WFD,A good academic paper should present a clear argument.
#2002 WFD,It is necessary to attend the laboratory introduction.
#2012 WFD,There is a great deal of debate on this topic.
#2013 WFD,This guide is qualified to lead the groups into the mountains.
#2015 WFD,The results of this research highlighted the importance of ecosystem balance.
#2358 WFD,The program helps students develop a better understanding of geography.
#2372 WFD,We must hand in our assignment by the end of the semester.
#2429 WFD,"Before choosing your university courses, you should consider your future career."
#2433 WFD,Visual aids can be really helpful when you are revising.
#2436 WFD,We encourage students to complete their applications before the deadline.
#2444 WFD,The residence hall is closed prior to the academic building closing time at the end of the semester.
#2452 WFD,It is a debate about the value of knowledge.
#2453 WFD,Digital scanners can scan all kinds of materials provided they are in small pieces.
#2457 WFD,Over the years more and more students are young.
#2459 WFD,The office opens on Monday and Thursday directly following the freshman seminar.
#2463 WFD,Optional tutorials are offered in the final week of a term.
#2467 WFD,Tutorials are scheduled in the final week of the term.
#2468 WFD,Mixture is defined as the compound of chemically separate parts.
#2469 WFD,The student union hosts a variety of social events.
#2486 WFD,It is quite clear that our facial expressions are different across the world.
#3273 WFD,My technique is to understand the sentence while writing the first letter of each word.
#3274 WFD,The best student has an opportunity to acquire a scholarship.
#3275 WFD,Muscle cells bring parts of the body closer together.
#3278 WFD,It is important to plan your study time carefully.
#3280 WFD,Our faculty includes five libraries across the university.
#3282 WFD,Computers used to be larger than they are now.
#3283 WFD,Social psychology is concerned with the understanding of human behavior.
#3284 WFD,Formal conclusions could be established through rigorous experiments.
#3285 WFD,Population has a sharp rise in the recent twenty years.
#3286 WFD,The news will not be received until the following week.
#3287 WFD,A new article was published regarding the university last week.
#3292 WFD,Gravity is the force that attracts two bodies toward one another.
#3294 WFD,The author expressed an idea that modern readers inevitably cannot accept.
#3297 WFD,Students should take their time to study.
#3298 WFD,Animal behavior appears to contain both similar and distinct aspects to that of humans.
#3299 WFD,The lecture will deal with the influence of technology on music.
#3300 WFD,Undergraduate students can apply for the new biology course.
#3301 WFD,The eventual winners will be the graduates that adapt best.
#3302 WFD,Many graduate students can find a job in the communications field.
#3303 WFD,We will discuss these two pictures in the next lecture.
#3304 WFD,Thousands of people turned out ahead of the prestigious election.
#3305 WFD,Your boss wants you to finish this report by Monday.
#3306 WFD,Some economists think that the whole economic system is failing.
#3307 WFD,The contract will be signed by the owner of the company.
#3308 WFD,The glittering of the lake surface camouflages the fish.
#3309 WFD,Having enough sleep has many positive benefits.
#3310 WFD,The assessment procedure has been changed slightly since last year.
#3311 WFD,The article illuminates the intricate relationship between culture and language.
#3312 WFD,We should always use recyclable plastic and glass bottles.
#3313 WFD,The next lecture will take place at a different location.
#3314 WFD,You need to make sure that all your essays are handed in on time.
#3315 WFD,All accounting students must submit their dissertations before the end of the week.
#3316 WFD,The tutor has canceled the lecture for geography students.
#3317 WFD,The essay assignments are given in the midterm and final exams.
#3318 WFD,Plastic pollution is very dangerous to ocean lives.
#3319 WFD,Social psychology is concerned with the understanding of human behavior.
