QuestionNo,Type,Content
#7 RS,RS,"Adverts might use humor, drama or catchy slogans to grab people's attention."
#17 RS,RS,One theory suggests that dreams help with long-term memory.
#35 RS,RS,You should enquire about the direct deposit.
#37 RS,RS,Cycle lanes make it safer to travel by bike.
#42 RS,RS,He's shown an interest in exciting new art movements.
#44 RS,RS,"Absolutely, I believe scientific development can be a positive thing."
#54 RS,RS,Teenagers more than most age groups feel strong pressure to conform.
#64 RS,RS,The problems that science solves far outweigh the problems that it may bring.
#78 RS,RS,"First of all, a lot of students don't even know how to type very fast."
#101 RS,RS,Having a shower before going to bed can help you sleep.
#103 RS,RS,The hypothesis about black holes is rendered moot by the explanation of the explosion.
#115 RS,RS,Students are not allowed to speak when they are in the examination hall.
#126 RS,RS,"Not everyone wants to keep in touch with their old school friends when they leave school, but I would like to."
#134 RS,RS,"In 1880, cycling became a major phenomenon in Europe."
#148 RS,RS,"If you show your student card, you will get a discount."
#163 RS,RS,Academics need to go outside the university gates and communicate with ordinary people.
#164 RS,RS,It is argued that students can learn more by collaborating rather than as individuals.
#170 RS,RS,All students are encouraged to vote in the forthcoming elections.
#207 RS,RS,Successful applicants will work with a large team of researchers.
#208 RS,RS,Higher numbers of patients were infected than in previous outbreaks of the illness.
#211 RS,RS,They have enough work to keep them going.
#216 RS,RS,The competency of language in the assignment is to use more formal words.
#225 RS,RS,"The puppets perform comedy routines, and there is some terrific formation dancing."
#243 RS,RS,Only those who are over 18 years of age are eligible to open a bank account in our bank.
#245 RS,RS,"If you want to sell your book, it must have a bibliography."
#249 RS,RS,There are various approaches for plagiarism across different university departments.
#258 RS,RS,Trade financing for the local market or the international market for exports begins from the first stop at the banks.
#263 RS,RS,Care needs to be taken for vulnerable groups in times of infection.
#264 RS,RS,Make sure you correctly cite all your sources.
#272 RS,RS,"If you want to quit the student union, tell the registrar."
#276 RS,RS,This part of the story is the story of my father.
#277 RS,RS,The visiting professor is going to give a lecture on geology.
#278 RS,RS,The investigation aims to find the stand of the problem.
#279 RS,RS,Would you pass me the textbook on that table?
#281 RS,RS,A study skill seminar is on for the students who require assistance.
#282 RS,RS,Your car can park in the building behind the medical center.
#283 RS,RS,A lot of agricultural workers came to the East End to look for alternative work.
#284 RS,RS,"During the next few centuries, London became one of the most powerful and prosperous cities in Europe."
#285 RS,RS,"I'll start with a brief history of the district, and then focus on life in the first half of the twentieth century."
#286 RS,RS,"In the last few weeks, we've been looking at various aspects of the social history of London."
#287 RS,RS,International students can get help with locating housing near the university.
#293 RS,RS,This semester will be from October to January.
#294 RS,RS,"If you have any questions in the exam, please raise your hands."
#299 RS,RS,The student welfare officer can help with questions about exam techniques.
#302 RS,RS,We are not going to accept the assignment after the due date on Friday.
#305 RS,RS,The United Kingdom is a constitutional monarchy and parliamentary democracy.
#309 RS,RS,Doctor Green's office has been moved to the second floor of the building.
#310 RS,RS,The economic class will take place in the main lecture room.
#311 RS,RS,Students can get access to computers on a daily basis.
#312 RS,RS,Experts cannot agree on a single definition of intelligence.
#313 RS,RS,All essays and seminar papers submitted must be emailed to your tutor.
#320 RS,RS,Essays should be typed with double spacing on white paper.
#321 RS,RS,The medical center is located near the supermarket on North Street.
#322 RS,RS,The mismatch between the intended and reported uses of the instrument has become clear.
#323 RS,RS,New York City is famous for its ethnic diversity.
#324 RS,RS,A periodical is a publication that is issued regularly.
#326 RS,RS,Overcrowding and poor sanitary conditions affected the daily lives of the majority of the population.
#329 RS,RS,You must wear a hard hat on the construction site.
#332 RS,RS,"However, this method is problematic in terms of accuracy."
#336 RS,RS,I will now demonstrate how the reaction can be arrested by adding a dilute acid.
#337 RS,RS,Items can be found on the bottom floor of the library.
#338 RS,RS,The building will be closed and reopened next week.
#340 RS,RS,Globalization has been an overwhelming urbanization phenomenon.
#342 RS,RS,Acupuncture is a technique involved in traditional Chinese medicine.
#344 RS,RS,"A company exists for profit, not for societal benefit."
#346 RS,RS,Rules about breaks and lunch time vary from one company to another.
#347 RS,RS,The original Olympic Games were a type of ancient festival.
#349 RS,RS,I expect a long and stagnant debate on this issue for a week or two.
#350 RS,RS,Opposition to the government tax policies is widespread across business sectors.
#351 RS,RS,Any textual references you make should be cited appropriately in the bibliography.
#353 RS,RS,You can pay using cash or a credit card.
#354 RS,RS,We didn't notice any significant variance among the two or three tasks.
#357 RS,RS,The rising inflation rate indicates a decrease in demand for consumer products.
#358 RS,RS,"The initial results are intriguing, but statistically speaking, they are insignificant."
#360 RS,RS,Just wait a minute; I will be with you shortly.
#362 RS,RS,"Today, we will be discussing the role of government in preventing injustice."
#367 RS,RS,"If you like cooking, we can make supper together."
#369 RS,RS,All filed assignments should have a full list of bibliography.
#370 RS,RS,Each group should submit a rough outline of their project to their tutor.
#371 RS,RS,Students are afraid of writing an essay because they have not learned how to do it.
#372 RS,RS,Glass is not a true solid because it does not have a crystal structure.
#375 RS,RS,I'm glad that you've got it.
#379 RS,RS,39.5% of California residents speak a language other than English at home.
#383 RS,RS,The university celebrated the Earth Day by planting trees.
#385 RS,RS,You can speak to the current students at the information sessions.
#387 RS,RS,Several people have applied for this position.
#390 RS,RS,"The real reason for global hunger is not the lack of food, but poverty."
#391 RS,RS,The original Olympic Games were celebrated as religious festivals.
#392 RS,RS,She has been in the library for a long time.
#393 RS,RS,"Line up in a row, we will enter the library from the left side."
#394 RS,RS,Please register your student email account at your earliest convenience.
#397 RS,RS,The capacity of programming computers is expanding enormously every year.
#398 RS,RS,All the assignments should be submitted by the end of this week.
#401 RS,RS,"Unfortunately, the two most interesting economics electives clash on my timetable."
#410 RS,RS,The verdict depends on which side was more convincing to the jury.
#411 RS,RS,Anatomy is the study of internal and external body structures.
#418 RS,RS,Our log books make up a five percent of total marks.
#421 RS,RS,I could not save my work because my computer crashed.
#421 RS,RS,I could not save my work because my computer crashed.
#424 RS,RS,People with an active lifestyle are less likely to die early or to have a major illness.
#426 RS,RS,The first person in space was from the Soviet Union.
#429 RS,RS,"Due to rising enrollment in courses, universities should also increase their staff."
#431 RS,RS,Critical literary theories broaden the scope of interpretation.
#432 RS,RS,Basketball was created in 1891 by a physician and physical education instructor.
#433 RS,RS,"The faculty staff are very approachable, helpful and extremely friendly."
#434 RS,RS,The program depends entirely on private funding.
#435 RS,RS,There will be open book exams on Monday the 28th.
#440 RS,RS,"In consultation with your supervisor, your thesis is approved by the faculty committee."
#442 RS,RS,"Many students are so scared of writing essays, because they never learned how."
#444 RS,RS,"A demonstrated ability to write clear, correct and concise English is obligatory."
#445 RS,RS,The students were instructed to submit their assignments before Friday.
#447 RS,RS,The library is located at the other side of the campus behind the student center.
#448 RS,RS,The topic next week will be colonialism and nuclear disarmament.
#449 RS,RS,A preliminary bibliography is due the week before the spring break.
#450 RS,RS,The professor took a year off to work on her book.
#455 RS,RS,Your son has a bad cold and is in the nurse's room.
#462 RS,RS,Critics want the government to take this one stage further and ban the film altogether.
#463 RS,RS,Distance learning has become far more popular these days.
#466 RS,RS,Answering such a complex question with a simple yes or no is absolutely impossible.
#471 RS,RS,Exam results will be available next week from the course office.
#478 RS,RS,I won't be able to attend the lecture because I have a doctor appointment.
#479 RS,RS,I didn't understand the author's point of view on immigration.
#483 RS,RS,I missed yesterday's lecture. Can I borrow your notes?
#496 RS,RS,"If you forgot your student number, you should contact Jenny Brice."
#502 RS,RS,It is important to take gender into account when discussing the figures.
#509 RS,RS,Meteorology is the detailed study of the Earth's atmosphere.
#511 RS,RS,No more than four people can be in the lab at once.
#516 RS,RS,Applicants for the course should preferably have a degree in English or journalism.
#522 RS,RS,Students will not be given credits for assignments submitted after the due date.
#525 RS,RS,The agricultural sector in that country has been heavily subsidized.
#528 RS,RS,You need warm clothes for the winter.
#529 RS,RS,Control systems in manufacturing require a high level of accuracy.
#537 RS,RS,You need to record every detail of the call in the afternoon.
#540 RS,RS,The grocery store is around the corner down the street.
#541 RS,RS,The clear evidence between brain events and behavioral events is fascinating.
#546 RS,RS,The lecture tomorrow will discuss the educational policies in the United States.
#548 RS,RS,The pharmacy was closed when I went past this morning.
#549 RS,RS,Prepare the report for the manager.
#550 RS,RS,The Psychology Department is looking for volunteers to be involved in research projects.
#553 RS,RS,The School of Arts and Design has an open day on Thursday next week.
#554 RS,RS,The seminar on writing skills has been cancelled.
#555 RS,RS,The seminar will now take place once a week on Tuesday.
#557 RS,RS,It seems that language appears from nowhere.
#559 RS,RS,Your wages will be put into your bank account on Thursday.
#565 RS,RS,The library will be closed during summer vacation.
#567 RS,RS,There is no entrance fee for tonight's lecture.
#568 RS,RS,There are varying levels of plagiarism across different university departments.
#569 RS,RS,The health center is situated at the corner of the university behind the library.
#570 RS,RS,There will be a guest lecturer visiting the psychology department next month.
#572 RS,RS,There's an hourly bus service from the campus into town.
#578 RS,RS,I have to get up early for an interview tomorrow.
#583 RS,RS,Employees go around the park at lunchtime.
#584 RS,RS,We are delighted to have professor Robert to join our faculty.
#596 RS,RS,You should raise your concern with the head of school.
#597 RS,RS,Crops respond no more readily to anything than to careful husbandry and skillful cultivation.
#607 RS,RS,Does the college refectory offer vegetarian dishes on a daily basis?
#608 RS,RS,He was not the only one to call for legal reform in the 16th century.
#609 RS,RS,"Our class is divided into two groups. You come with me, the others stay here."
#611 RS,RS,"In our city, students have access to thirteen college libraries."
#613 RS,RS,The bus for London will leave ten minutes later than planned.
#614 RS,RS,Please sort and order the presentation slides according to topic and speaking time.
#615 RS,RS,"Once more under the pressure of economic necessity, practice outstripped theory."
#616 RS,RS,"Hypothetically, insufficient mastery in the areas slows future progress."
#618 RS,RS,Please explain what the author means by sustainability.
#620 RS,RS,There has been a delay in processing the enrollment due to the computer problems.
#621 RS,RS,You can retake the module if your marks are too low.
#623 RS,RS,But they haven't come to widespread use yet.
#624 RS,RS,You can keep your bag in the back room.
#632 RS,RS,She doesn't even care about anything but what is honest and true.
#634 RS,RS,Please close the door behind you when you leave the room.
#635 RS,RS,The study of archeology requires intensive international fieldwork.
#637 RS,RS,Leading scientists speculate that numerous planets could support life forms.
#638 RS,RS,You can get coffee and tea in the lunchroom.
#640 RS,RS,I would like an egg and tomatoes on white sandwich bread with orange juice.
#640 RS,RS,I would like tomato and cheese sandwiches on white bread and orange juice.
#641 RS,RS,You must go to the reception to pick up your student card.
#645 RS,RS,"In the 1830s, periodicals appeared in large numbers in America."
#647 RS,RS,"The US ranks twenty-second in foreign aid, given as a percentage of GDP."
#648 RS,RS,Meeting with mentors can be scheduled for students who require additional support.
#656 RS,RS,The literal output of this research is prolific and diverse.
#659 RS,RS,Student discount cards can be used on campus in the coffee house.
#660 RS,RS,You must call your doctor to make an appointment.
#661 RS,RS,"On our campus, prospective students have access to thirteen college libraries."
#662 RS,RS,A lot of people who have up until now been spending money in having a good time now need to be more careful with their money.
#663 RS,RS,What distinguishes him from others is his dramatic use of black and white photography.
#664 RS,RS,Our university has strong partnerships with industry as well as collaborative relationships with government bodies.
#665 RS,RS,Number the beakers and put them away.
#667 RS,RS,The problem with this is that it fails to answer the basic question.
#669 RS,RS,The gap between the rich and the poor did not decrease rapidly as expected.
#678 RS,RS,There has been a rapid growth in the commercial market.
#685 RS,RS,The aim of the work presented could be formulated as follows.
#687 RS,RS,Politics involves both legislative and political authorities.
#690 RS,RS,Different entrances to the program get the same qualification.
#691 RS,RS,You can find the books in the library.
#696 RS,RS,All lecture handouts are downloadable on the university website.
#697 RS,RS,We weren't able to agree on the appropriate independent variables.
#699 RS,RS,Please pass the handouts along to the rest of the people in your row.
#700 RS,RS,"I think your watch is fast, you need to reset it."
#702 RS,RS,A computer virus has destroyed all my files.
#707 RS,RS,Show your passport and boarding pass at the gate.
#708 RS,RS,Please do not bring food into the classroom.
#710 RS,RS,Students should take advantage of the internet before attending the lecture.
#712 RS,RS,A study skills seminar is available for students who need assistance.
#713 RS,RS,The hypothesis needs to be tested in a more rigorous way.
#714 RS,RS,These developments are discussed in more depth in Chapter Nine.
#715 RS,RS,The campus library will be closed during the winter break.
#716 RS,RS,All necessary information is in the assignment.
#717 RS,RS,All undergraduate students should participate in the seminar.
#718 RS,RS,All students and staff have access to printers and scanners.
#720 RS,RS,"Allergy problems do run in the family, but we don't understand why."
#721 RS,RS,A renowned economist is selected to have a speech tonight at eight.
#722 RS,RS,Anyone who has a problem with their accommodation should speak to the welfare officer.
#723 RS,RS,Many experts think that the world climate is changing.
#724 RS,RS,Being a student representative on the union really cuts into my study time.
#725 RS,RS,Conferences are always scheduled on the third Wednesday of the month.
#726 RS,RS,Could you please pass the handouts to students in your row?
#729 RS,RS,Doing this research makes me think of the purpose of science.
#730 RS,RS,Don't forget to hand in your assignments by the end of next week.
#731 RS,RS,The African elephant is the largest living land mammal in the world.
#732 RS,RS,Farmers do not always receive fair prices for agricultural goods.
#733 RS,RS,I believe children should read aloud more.
#734 RS,RS,I didn't attend yesterday's lecture. Could I borrow your notes?
#735 RS,RS,I thought the mid-term exam was only worth half of our course grade.
#736 RS,RS,I will be in my office every day from ten to twelve.
#737 RS,RS,I will check again but I am pretty sure we are supposed to read chapter two.
#738 RS,RS,I've got a tutorial in an hour and I haven't had any time to prepare for it.
#739 RS,RS,It's the commonly used words that have different referential values.
#740 RS,RS,It's time to finalize the work before the Wednesday seminar.
#741 RS,RS,The manager will have a meeting in this room today.
#742 RS,RS,Many of the most popular courses are available online.
#743 RS,RS,Many of the urban poor lived in an extremely cramped condition.
#744 RS,RS,Meeting with tutors could be arranged for students who need additional help.
#745 RS,RS,More females than males graduated from universities last year.
#746 RS,RS,Most of the assignments should be submitted on the same day.
#747 RS,RS,Most university teaching takes place in lectures and seminars.
#748 RS,RS,Many environment experts are very concerned about the future of our planet.
#751 RS,RS,"Our fundamental realities, especially national needs, have seen the ability to flourish."
#752 RS,RS,The student service center is located on the main campus behind the library.
#753 RS,RS,Please finish all the reading chapters before the field trip.
#754 RS,RS,Students need to finish their assignments during the next four weeks.
#755 RS,RS,This Thursday is the last day for students to withdraw subjects without any penalty.
#756 RS,RS,The residence hall is closed prior to the closing time of the academic building at the end of the semester.
#757 RS,RS,You have fulfilled the enrollment requirements.
#758 RS,RS,"She used to be everywhere, but today she is missing."
#759 RS,RS,Sport is the main cause of traumatic brain injuries in the United States.
#760 RS,RS,You can add a salad to your meal.
#763 RS,RS,Students can download the materials from the website.
#765 RS,RS,The aesthetic implications of this study have not yet been fully explored.
#766 RS,RS,The author expressed an idea that modern readers inevitably cannot accept.
#768 RS,RS,Organic food is grown without applying chemicals and the process is without artificial additives.
#769 RS,RS,The college welcomes students from all over the world.
#770 RS,RS,The contest includes both the land history and the human history.
#771 RS,RS,The country suffered a series of invasions by tribes from present-day Germany and Denmark.
#772 RS,RS,The course registration is open in early March for new students.
#773 RS,RS,The current statistical evidence indicates the need of further research.
#774 RS,RS,The date of the invention of the first clock was disputed among historians.
#775 RS,RS,Number the beakers and put them away until tomorrow.
#776 RS,RS,The first few sentences of an essay should capture the readers' attention.
#777 RS,RS,The information on the internet is becoming more reliable.
#778 RS,RS,The inherent tension between these two features remains to be addressed.
#779 RS,RS,The lecture will deal with the influence of technology on music.
#780 RS,RS,The minimal mark for Distinction to be awarded is 75%.
#781 RS,RS,The majority of the hardware we are using was built for a customer.
#782 RS,RS,Nearly half of television outputs are given away for educational programs.
#783 RS,RS,You can change your courses on the website during the registration period.
#784 RS,RS,39.5% of Californian residents do not speak English at home.
#785 RS,RS,The office opens on Mondays and Thursdays directly following the freshman seminar.
#786 RS,RS,The office said Dr. Smith will arrive later today.
#787 RS,RS,She feared becoming an object of ridicule.
#788 RS,RS,Many undergraduate students go back home to stay with their parents after graduation.
#789 RS,RS,The recent study has thrown out the validity of the argument.
#790 RS,RS,The results will be available both within the main course materials and online.
#791 RS,RS,The professor is going to discuss the conflict.
#792 RS,RS,The visiting professor is going to give a lecture on geology.
#793 RS,RS,The wheelchair lift has been upgraded this month.
#794 RS,RS,There are lots of opportunities to meet people in this course.
#795 RS,RS,"To understand its entity, we need to go back to its origin."
#796 RS,RS,She told the faculty to be very supportive.
#797 RS,RS,This can be seen as the starting point of my discussion today.
#798 RS,RS,"This year, we are planning to use a different type of assessment for this module."
#799 RS,RS,"To receive the reimbursement, you must keep the original receipts."
#800 RS,RS,"Tomorrow evening, there will be a panel discussion on sustainable development."
#801 RS,RS,We don't teach the same way as we used to.
#802 RS,RS,"We like people to write a case study, describing an organization they know."
#803 RS,RS,The library will be closed except on holidays.
#804 RS,RS,We offer a broad range of undergraduate and postgraduate courses.
#805 RS,RS,We've decided to ask you to write four short pieces of coursework this year.
#806 RS,RS,This science fiction novel uses advanced space technologies to create the setting.
#807 RS,RS,All sources of materials must be included in your bibliography.
#808 RS,RS,You should include your name and identification number on the registration form.
#809 RS,RS,You will be less stressed if you are well prepared for the exam.
#810 RS,RS,There are a range of housing options near the university.
#811 RS,RS,Our school of arts and technology accepts applications at all points throughout the year.
#812 RS,RS,Conservation is essential for the survival of future generations.
#813 RS,RS,Does the government in your country help families that need help?
#814 RS,RS,"Due to the rising demand for courses, the university should also increase their academic staff."
#815 RS,RS,Eating too much will do harm to your health.
#816 RS,RS,Globalization has been a major force driving both urbanization and the growth of cities.
#818 RS,RS,The bus for London will be scheduled once a week.
#819 RS,RS,There is considerably less supervision at university.
#820 RS,RS,I will be in my office every Tuesday and Thursday.
#821 RS,RS,I'm glad you got here safely.
#822 RS,RS,This is a prestigious program for our university.
#823 RS,RS,"This small Indian state is a land of forests, valleys and snowy islands."
#824 RS,RS,Students are competing for every place in the computer courses.
#825 RS,RS,"I didn't agree with the author's argument, but his presentation was good."
#826 RS,RS,The cafeteria closes soon but the snack machine is accessible throughout the night.
#829 RS,RS,You can register your card at the university student center or the library.
#830 RS,RS,There is absolutely no archaeological evidence to prove that Alexander the Great existed.
#831 RS,RS,I spend my time really studying human beings.
#832 RS,RS,"If you wish to be a good student, you should attend every class."
#833 RS,RS,"A hundred years ago, Albert Einstein first published his theory of general relativity."
#835 RS,RS,Passengers on the train should take their seats.
#836 RS,RS,Physics is a detailed study of matter and energy.
#837 RS,RS,There is limited funding in this department to support qualified students.
#838 RS,RS,"By clicking this button, you agree with the terms and conditions of this website."
#839 RS,RS,Student loans are now available for international students.
#840 RS,RS,Spiritualism is defined as a system of belief or religious practice.
#841 RS,RS,Companies need to satisfy customers' needs if they want to be successful.
#842 RS,RS,Expertise in particular areas distinguishes you from other graduates in a job interview.
#843 RS,RS,Newspapers across the world are reporting stories of presidents.
#846 RS,RS,I am glad that Professor Gordon just joined our faculty.
#847 RS,RS,Genetic and biochemical analyses have generated a detailed portfolio of mechanisms.
#848 RS,RS,We want to attract the very best students regardless of their financial circumstances.
#849 RS,RS,History is not a simple collection of dates and events.
#851 RS,RS,Students' identification cards will be issued today and tomorrow.
#852 RS,RS,The concepts in this thesis were not new.
#854 RS,RS,The Arts Magazine is looking for a new Assistant Editor.
#855 RS,RS,The weather has been lovely since this time of the year.
#856 RS,RS,"By attending meetings, you can ask questions and meet new people."
#857 RS,RS,Students will complete the project by September.
#858 RS,RS,Modern poetry often tests the conventions of language and rhythm.
#861 RS,RS,This can be used as a starting point of my discussion today.
#862 RS,RS,She is an expert of eighteenth-century French literature.
#864 RS,RS,Students should book a library tour in the first week of the first semester.
#866 RS,RS,It is interesting to observe the development of language skills of toddlers.
#869 RS,RS,"If you give me your phone number, I can text you the address."
#870 RS,RS,It is within the framework that we're making our survey.
#872 RS,RS,Please make sure all workers follow the department guidelines.
#873 RS,RS,Environmental friendliness is a new category in which campuses are competing.
#874 RS,RS,The students usually complete their projects in November.
#875 RS,RS,We are constantly looking for ways to bring industry and agriculture closer together.
#877 RS,RS,Higher fees make students think more critically about what universities can offer.
#878 RS,RS,The cafe will close soon but you can use the snack machine which is running overnight.
#879 RS,RS,"Diagnosis is not a single event, but an evolving process."
#881 RS,RS,The university will introduce several new courses in the coming year.
#882 RS,RS,The search for universal explanations plays an important role in the development of archaeological theory.
#883 RS,RS,Don't hesitate to email me if you have any questions.
#884 RS,RS,The most modern agricultural equipment is now extremely expensive.
#885 RS,RS,The theoretical proposal was challenging to grasp.
#888 RS,RS,The generic biology technology lab is located at the North Wing of the library.
#889 RS,RS,The lecture was meant to start at ten.
#890 RS,RS,The new English class will start next Monday morning.
#891 RS,RS,Animals grow larger and stronger to help them to hunt better.
#892 RS,RS,"As student union members, we can influence changes at the university."
#893 RS,RS,It is good for the environment and also good for your bill.
#894 RS,RS,We need to read the first five chapters to prepare for next week's tutorial.
#895 RS,RS,"Companies aim to earn money, not to change society."
#896 RS,RS,We will study the following two pictures in the next lecture.
#897 RS,RS,We will see if we can get through this without too many interruptions.
#898 RS,RS,The key to success in the exam is to study hard and do well.
#899 RS,RS,Many of the universities' original buildings are still in use.
#900 RS,RS,"Since the problems we face are global, we need to find the global solutions."
#901 RS,RS,Arteries carry oxygenated blood from the heart to other parts of the body.
#902 RS,RS,"I would like the assignment to be less than 2,000 words."
#903 RS,RS,"In 1830, periodicals appeared in large numbers in America."
#904 RS,RS,Fishing is both a sport and a means of survival.
#905 RS,RS,To answer such a complex question with a simple yes or no is absolutely impossible.
#906 RS,RS,"If she doesn't speak the language, she's not going to sit around and wait for a translator."
#907 RS,RS,I don't like cheese and tomato sandwiches on white bread and orange juice.
#908 RS,RS,We are so dependent on the computer that we cannot live without it.
#910 RS,RS,Children can share their lunch at around noon.
#911 RS,RS,The internet provides unique opportunities for students to engage with current events.
#912 RS,RS,The art museum is located across the street and near the theater.
#913 RS,RS,The timetable for the next term will be available next week
#914 RS,RS,The timetable for the new term will be available next week.
#915 RS,RS,Newspapers across the world reported stories of presidents.
#916 RS,RS,"His objection to including scientific evidence has brought a lot of criticisms to him.

"
#917 RS,RS,Anonymous behaviors can be identified without intervention.
#918 RS,RS,The number of company bankruptcy skyrocketed in the third quarter.
#919 RS,RS,The university supplies a number of scholarships for those who have specific goals.
#921 RS,RS,A public telephone is available in the shop.
#926 RS,RS,You must satisfy the listed requirements to get the qualifications.
#928 RS,RS,Medical books and journals have been moved to the second floor.
#929 RS,RS,The negative discourse continues to be predominant in discussions about gender.
#930 RS,RS,"In my free time, I would like to read current affairs and newspapers."
#931 RS,RS,"In English, the first letters of the months of the year are always capitalized."
#932 RS,RS,"Most of the lectures begin promptly, so do not be late."
#933 RS,RS,Our capacity to respond to national needs will determine our ability to flourish.
#934 RS,RS,Students from different backgrounds can achieve a variety of qualifications.
#935 RS,RS,Developments in information technology have greatly changed the way people work.
#936 RS,RS,I can give you a hand if you need help.
#938 RS,RS,"In this library, the reserve collection of books can be borrowed for up to three hours."
#939 RS,RS,Is the hypothesis about black holes considered moot as an explanation in astrophysics?
#940 RS,RS,It is clear that there is little accurate documentation in support of this claim.
#941 RS,RS,Most printers in the library are out of ink.
#942 RS,RS,Much of the evidence used has only recently become available.
#943 RS,RS,The bookstore is located on the main campus behind the library.
#944 RS,RS,The lecture theater one is located on the ground floor of the Pack Building.
#945 RS,RS,The United States has developed a coffee culture in recent years.
#946 RS,RS,The university supplies a number of scholarships for qualified students.
#947 RS,RS,The professor predicts that biotechnology is the future of traditional biology.
#948 RS,RS,We are required to submit the assignment before Friday.
#949 RS,RS,You are required to submit the assignment before Friday.
#951 RS,RS,You can pay by cash or using a credit card.
#952 RS,RS,"You come with me, and the others just stay here."
#953 RS,RS,You must ensure you do not include too much irrelevant information.
#954 RS,RS,You should go to the reception to get your student card.
#955 RS,RS,"Your tutor is there to help, so do ask if you don't understand anything."
#956 RS,RS,Scholarship applications must be handed in at the end of the month.
#957 RS,RS,My laptop has crashed and cannot save any file.
#958 RS,RS,The translator is not available in our department.
#959 RS,RS,Every living thing begins as a single cell.
#960 RS,RS,Contemporary critics dismissed his idea as eccentric.
#961 RS,RS,A thorough bibliography is needed at the end of every assignment.
#962 RS,RS,Dr. Smith's lecture will be held at the art center.
#964 RS,RS,This is how we deliver health care to millions of people over the world.
#965 RS,RS,Robert Frost thinks the rural area is livable for people in New England.
#966 RS,RS,The geography assignment should be submitted by midday on Friday.
#967 RS,RS,All internship applications are available in the office.
#968 RS,RS,"Ideally, free trade is mutually beneficial for both trading partners."
#969 RS,RS,The technician left the new microscope in the biology lab.
#970 RS,RS,We're constantly looking for ways to bring industry and agriculture closer together.
#972 RS,RS,You should arrive at the bus stop a few minutes early.
#973 RS,RS,Companies' projects must comply with the General Data Protection Regulation.
#974 RS,RS,Being a vegan means not consuming any animal products.
#975 RS,RS,Students can download the lecture handouts from the course website.
#976 RS,RS,Students will need to be in the lecture this Thursday.
#980 RS,RS,"If you want to receive the reimbursement, you must submit the original receipts."
#987 RS,RS,You need to prepare your boarding pass and passport in front of the gate.
#1004 RS,RS,The books are filled with drawings of machines invented when he was a student.
#1007 RS,RS,There won't be any space for me in the car.
#1019 RS,RS,I will have a meeting on Thursday.
#1020 RS,RS,"To get a further extension, you need to call the education executive on 401."
#1021 RS,RS,"The course comprises twenty hours of lectures, seminars and tutorials each week."
#1022 RS,RS,"If you need help, I can give you a hand in finding a flat."
#1026 RS,RS,The best time to visit Canada is during fall months.
#1028 RS,RS,Gravity is extraordinarily weak and nearly impossible to study directly at a quantum level.
#1029 RS,RS,Globalization problems require global solutions.
#1030 RS,RS,Please be careful when using internet sources. 
#1034 RS,RS,The library downtown will be closed.
#1037 RS,RS,"If you knew how to get there in time, why didn't you tell him?"
#1040 RS,RS,Every student has their own computer.
#1046 RS,RS,The renewable energy alternatives were the main aspect of debate during the meeting.
#1047 RS,RS,"If they find you suitable, they will happily apply for your visa sponsorship."
#1048 RS,RS,You need a valid visa letter from the department to join the workforce.
#1049 RS,RS,"If I go out, he will call and leave notes for me."
#1050 RS,RS,"The process is simple, just call them or ask for a representative to guide you."
#1051 RS,RS,The treasure hunters were willing to take any risk to get to the location.
#1052 RS,RS,You will probably need to find the nearest post office to access that service.
#1053 RS,RS,What is the best possible way to get the work permit for this job?
#1055 RS,RS,"The due date is cancelled, because they found many issues in the project structure."
#1056 RS,RS,"It was a groundbreaking discovery, but they had to pay a very high price for it."
#1057 RS,RS,"Winter can be harsh, but it won't be an issue since there is a heater."
#1058 RS,RS,"If you have a driving license, getting a job would be easier for you."
#1059 RS,RS,"I'm out, please take notes if someone calls."
#1060 RS,RS,"Many people approached and were eager to help, but he didn't want their help."
#1061 RS,RS,The characteristics of the newly discovered insects match the ones we have on record.
#1062 RS,RS,Can you help me complete this new questionnaire that the university has requested?
#1063 RS,RS,An extra lecture is about to be scheduled at the end of this week to assist you with revision.
#1064 RS,RS,"The quality of our accommodation is high, but it is still affordable for students."
#1066 RS,RS,"If you forget your password, you need to contact the student center."
#1067 RS,RS,The United States is the largest chocolate manufacturing country.
#1068 RS,RS,Biographical information should be removed prior to the publication of the results.
#1071 RS,RS,Half of the marks in mathematics are allocated for correct working.
#1074 RS,RS,"Today, I'd like to talk a little bit about the other theories that can explain the variations in climate."
#1075 RS,RS,The library is located on the north side of the campus.
#1076 RS,RS,We must take great care when analyzing the data.
#1077 RS,RS,Experience would be an advantage for this managerial role.
#1078 RS,RS,The light can be seen as waves or particles.
#1079 RS,RS,This framework could allow us to pose further research questions more systematically.
#1080 RS,RS,It is clear that the effects of climate change will damage the world economy.
#1081 RS,RS,"Major sports on campus include rugby, soccer and tennis."
#1082 RS,RS,Presentation skills are important to both universities and workplaces.
#1083 RS,RS,There is too much information on this topic.
#1084 RS,RS,"Until you complete the form, you cannot attend."
#1085 RS,RS,Everyone should get access to art galleries no matter where they live.
#1086 RS,RS,Many industries have moved to the countryside where manufacturing costs are lower.
#1087 RS,RS,"We should focus on innovation, and if we don't, we are bound to lose out."
#1088 RS,RS,Tuesday sessions will last for approximately two hours.
#1089 RS,RS,Please don't forget to check your email for the updates of the week.
#1090 RS,RS,Parking permits can be collected through the student service office.
#1091 RS,RS,We have three distinctive libraries which are nationally acclaimed.
#1092 RS,RS,Students have the option to live in college residences or apartments.
#1093 RS,RS,The gap between the rich and the poor does not decrease.
#1094 RS,RS,The library is open all day except Sunday.
#1095 RS,RS,Australia is the first AIDS-free country in the world.
#1096 RS,RS,It is very important to wear masks during this pandemic.
#1097 RS,RS,If you need help let me know because I am here.
#1098 RS,RS,Car permits are available to students and staff.
#1099 RS,RS,The music went through the theater.
#1100 RS,RS,You cannot leave the examination center until you complete the form.
#1101 RS,RS,Cells are the basic building blocks of all animals and plants.
#1102 RS,RS,Services are rapidly growing in parts of the global economy.
#1103 RS,RS,Exercise is important for mental and physical health.
#1104 RS,RS,Global warming is a threat to economic growth.
#1105 RS,RS,It is quite clear that further research is required.
#1106 RS,RS,I was young and inexperienced and going too fast in wet weather.
#1107 RS,RS,We all know there are more important things in life than the rat race.
#1108 RS,RS,Read the safety instructions before using the equipment during the workshop.
#1109 RS,RS,"The exam will start on time, please prepare yourself."
#1110 RS,RS,The brain is the central computer of our body.
#1111 RS,RS,Please remain seated after finishing your exam.
#1112 RS,RS,Your boss requires you to finish the report before Friday.
#1113 RS,RS,The university offers facilities to students and staff.
#1114 RS,RS,The topic for discussion is usually related to the topic for a speech.
#1115 RS,RS,By using the student identification card you can borrow books from the library.
#1116 RS,RS,The teacher's difficulty is always considered when assessing student marks.
#1118 RS,RS,Young children need education and organized activities.
#1119 RS,RS,Please click the logo above to enter the site.
#1120 RS,RS,"You can drop or add your courses online during the registration week.

"
#1121 RS,RS,Students should take advantage of the online help system before approaching their lecturers.
#1122 RS,RS,The discussion is a great chance to meet new people and make friends.
#1123 RS,RS,Effective presenters make eye contact with the audience.
#1124 RS,RS,There are three separate assignments for this module.
#1125 RS,RS,The website is designed to be highly interactive.
#1126 RS,RS,The assignment should be submitted prior to the spring break.
#1127 RS,RS,The geography assignments must be submitted by midday on Friday.
#1128 RS,RS,The atmosphere is composed by oxygen and nitrogen gases.
#1129 RS,RS,Design changes need to be considered carefully to ensure improvement.
#1130 RS,RS,"The field training will start soon, so pack everything before the deadline."
#1131 RS,RS,This lecture has been recorded and is available on audio and video.
#1132 RS,RS,There is no point in designing efficient cars if we use them more and more.
#1133 RS,RS,His tone tonight was nothing short of jealousy.
#1134 RS,RS,Demand for access to the library workstations is very high.
#1135 RS,RS,You can put the fruits on the chair.
#1136 RS,RS,Our university welcomes postgraduate students from all over the world.
#1137 RS,RS,The loser of the race buys everybody else an ice cream.
#1138 RS,RS,Weather here is unpredictable.
#1139 RS,RS,"The laboratory is deemed too dangerous for children, but there is one child that visits it daily."
#1140 RS,RS,"Long before children are able to speak or understand a language, they communicate through facial expressions and by making noises."
#1141 RS,RS,"Under normal conditions, markets will allocate resources efficiently."
#1142 RS,RS,"He reads magazines, but he doesn't like to read books."
#1143 RS,RS,I would never feed my dog commercial dog food.
#1144 RS,RS,"After she lost her job she couldn't afford to feed her dogs, so she gave them away."
#1145 RS,RS,The chocolate chip cookies smelled so good that I ate one without asking.
#1146 RS,RS,My mom made a milkshake with frozen bananas and chocolate sauce.
#1148 RS,RS,The plan raised a lot of money and improved the economy of the country.
#1149 RS,RS,"Fungi are important in the process of decay, which returns ingredients to the soil, enhances soil fertility, and decomposes animal debris."
#1150 RS,RS,"If their aspirations are not achieved, they become gloomy."
#1151 RS,RS,"The causality theory states that for every effect, there is a cause."
#1152 RS,RS,There are many reasons why knowing several languages is a major career advantage.
#1153 RS,RS,This college has a good reputation for both its research and its teaching.
#1155 RS,RS,Students should submit two copies of their dissertation to the department office by Friday.
#1156 RS,RS,"The college provides an advice service to support students with financial, emotional, and other issues."
#1157 RS,RS,The library will stay open until midnight during the exam period.
#1158 RS,RS,Today's lecture on modern American literature has been cancelled.
#1159 RS,RS,There is considerable disagreement about the main cause of the revolution.
#1161 RS,RS,Students who'd like to help produce the college newspaper should come to a meeting tomorrow.
#1162 RS,RS,"Fighter jets, helicopters and warships will guard against security threats."
#1163 RS,RS,Don't drink any alcohol even if you drive carefully.
#1164 RS,RS,"You can get to the college by bus, train or car."
#1165 RS,RS,A public relations exercise improves the relationship between the public and an organization.
#1166 RS,RS,We blanch almonds by soaking their skins in boiling water.
#1168 RS,RS,"You are late for the appointment, please reschedule."
#1169 RS,RS,"With the development of technology, automation brings a lot of benefits to the US."
#1170 RS,RS,Please submit your term papers to the general office.
#1171 RS,RS,"If I miss the call, please record the message in the office."
#1172 RS,RS,You may need to purchase an academic gown before the commencement ceremony.
#1174 RS,RS,There will be no classes scheduled during the exam week.
#1175 RS,RS,There is only one conclusion to this line of thought.
#1176 RS,RS,The first step was to establish a baseline of known distances.
#1177 RS,RS,Please read the first two sections before next week.
#1178 RS,RS,There are many people in the USA who are critical of the voting system
#1179 RS,RS,The computer lab is open twenty-four hours a day.
#1180 RS,RS,The professor would be available for the lecture soon.
#1182 RS,RS,The corporation did not work well and gained no profits.
#1183 RS,RS,The quality is needed by a successful business manager similar to those of the school.
#1185 RS,RS,This paper is the best one to look at first.
#1186 RS,RS,The school will provide hot food.
#1187 RS,RS,Soil erosion can be caused by increasing rainfall and changes in plant growth.
#1188 RS,RS,Assignments must be submitted at the end of the term.
#1190 RS,RS,"The greater the population there is in a locality, the greater the need there is for water and transportation."
#1191 RS,RS,Long thin wires have more resistance than short thick wires do.
#1192 RS,RS,The Economics Faculty building is located on the City Road.
#1193 RS,RS,You should return books to the library before ending your term.
#1194 RS,RS,The head of the department is available by the third day.
#1197 RS,RS,Academic journals are often edited by subject specialists.
#1198 RS,RS,"Meanwhile, universities have raised tuition every year."
#1200 RS,RS,One creative individual in Japan has made a similar protest for decades.
#1201 RS,RS,Mary felt happy when she learned the results of the election.
#1202 RS,RS,After considering all the options she decided to take the risk.
#1204 RS,RS,The data infer that further research is needed.
#1205 RS,RS,The website has probably the most attractive designs and layouts.
#1206 RS,RS,The university policy on plagiarism can be viewed on the website.
#1207 RS,RS,Remember your essay should have less than two thousand words.
#1208 RS,RS,Please make an appointment with your tutor about work after holiday.
#1209 RS,RS,Several students raised different examples.
#1210 RS,RS,Moving up the class ladder also brings unexpected costs.
#1211 RS,RS,One study asks people to keep daily journals recording their appreciation for their partners.
#1212 RS,RS,Everyone in this studio burst into hysterical laughter.
#1213 RS,RS,Building trust is not something that can be achieved overnight.
#1214 RS,RS,The teacher asked the group to complete the task.
#1215 RS,RS,My tutor told him not to repeat the same argument again and again.
#1216 RS,RS,We can discuss education in the tutorial next week.
#1217 RS,RS,There is not enough space for me in the car.
#1227 RS,RS,A man who suffered serious brain damage during an operation is suing the hospital.
#1230 RS,RS,"The cafeteria features sandwiches, salads, soup, fish and chicken."
#1251 RS,RS,Technology is important for the modern world.
#1283 RS,RS,Students must submit a thesis on an agreed subject within four years.
#1315 RS,RS,Collaboration is a feature of a successful company.
#1316 RS,RS,Social work is not the only subject in sociology.
#1324 RS,RS,She was able to pick out her father on the other side of the room.
#1330 RS,RS,It took several hours for the fire brigade to extinguish the blaze.
#1407 RS,RS,Geography is generally divided into two branches: human and physical.
#1427 RS,RS,The government must try their best to reconstruct the shattered economy.
#1428 RS,RS,Today's lecture is canceled because the lecturer is ill.
#1431 RS,RS,Newspapers around the country are reporting the stories of the president.
#1449 RS,RS,Tuition fees will vary according to the field of study.
#1451 RS,RS,All students must return the books to the college library before the end of the term.
#1488 RS,RS,The contemporary literature works have been broadened and extended through interpretation.
#1508 RS,RS,"If you have a driving license, getting a job would be easier for you."
#1512 RS,RS,"Essays and assignments should be submitted to the department office before the deadline.

"
#1517 RS,RS,Professor Tim Lee invented World Wide Web.
#1548 RS,RS,Telecommunication is based on the array of networks.
#1570 RS,RS,To take this course students should have basic subject knowledge.
#1582 RS,RS,Universities across the United Kingdom welcome a range of students.
#1583 RS,RS,Universities play major roles in students' lives.
#1584 RS,RS,"In your introduction, show you understand the question in no more than four sentences."
#1585 RS,RS,The subject is complex and difficult to explain.
#1641 RS,RS,The first draft of the presentation is almost ready.
#1642 RS,RS,Students may not use calculators in the final exams.
#1643 RS,RS,"For further information, you need to contact a member of our administration team."
#1644 RS,RS,"In Russia, my colleagues said my written language was hard to understand."
#1646 RS,RS,Keeping organized class notes will make study time more efficient.
#1652 RS,RS,You have to submit projects by the end of this week.
#1656 RS,RS,Please make sure you have filled in all your details before submitting.
#1657 RS,RS,Please make an appointment before attending the next meeting.
#1658 RS,RS,The results of the study challenge previously held assumptions.
#1659 RS,RS,I took everything to the copy center this morning before class.
#1660 RS,RS,It's obviously vital that companies should fully understand their customers.
#1662 RS,RS,Numerous courses devoted to life sciences are listed in the prospectus.
#1663 RS,RS,She's doing a master's degree by distance learning.
#1664 RS,RS,Understanding the historical context will help you appreciate the art in this era.
#1665 RS,RS,The campus car park will be closed next weekend.
#1666 RS,RS,Marks will be awarded for a bibliography in the correct format.
#1667 RS,RS,You realize that you can deal with a lot of situations.
#1668 RS,RS,The media have had a great influence on people's beliefs and attitudes.
#1670 RS,RS,The trial experiment aims to increase interest in the issue and the jurisdiction clause.
#1671 RS,RS,He told me it was the most important assignment of all.
#1673 RS,RS,Many species have not yet been discovered by biologists.
#1674 RS,RS,The lecture tomorrow will discuss the educational policies in the United States.
#1676 RS,RS,"Please note, the proposal submission deadline has been extended."
#1677 RS,RS,"Students can choose graduate certificate, graduate diploma and master course."
#1678 RS,RS,There are many welcoming activities for new undergraduate and postgraduate students.
#1680 RS,RS,Mobile phone chargers vary enormously from one place to another.
#1681 RS,RS,You can borrow up to two books at the same time in the library.
#1682 RS,RS,The English expression is just a way of saying that age is not important.
#1688 RS,RS,An essay should use evidence from both primary and secondary sources.
#1698 RS,RS,The doctor examined her and said she had a chest infection.
#1708 RS,RS,The percentage of respondents who knew that the earth circles the sun once each year remained essentially unchanged.
#1709 RS,RS,The information you need for this meeting is on the website.
#1795 RS,RS,The deadline of assignments is the fourth of February.
#1861 RS,RS,There are lots of opportunities to meet people in this course.
#1862 RS,RS,The bus right out in the front will take you to the station.
#2142 RS,RS,Marks will be deducted for assignments handed in after the due date.
#2143 RS,RS,The cafeteria is open on Monday and Thursday.
#2144 RS,RS,Students can borrow this book for a maximum of one day.
#2145 RS,RS,The bibliography needs to be removed prior to the publication.
#2146 RS,RS,Eating a healthy breakfast can provide energy throughout the day.
#2147 RS,RS,The paper has the potential to transform life science.
#2149 RS,RS,"Please note, submission deadlines are only negotiable in exceptional circumstances."
#2154 RS,RS,The key findings seem to contradict our initial hypothesis.
#2155 RS,RS,All laboratory equipment will be provided in class.
#2158 RS,RS,Key aspects of this investigative paradigm may prove useful in other spheres.
#2159 RS,RS,It's a great privilege to welcome our guest speaker to our college.
#2160 RS,RS,Animal behavior appears to contain both similar and distinct aspects to that of humans.
#2161 RS,RS,There is a fitness center next to the student union.
#2162 RS,RS,What's going on can help patients leave their fears at the door.
#2163 RS,RS,The professor plans to discuss issues in the news that reflect concepts taught in class.
#2164 RS,RS,I have lectures on Tuesday from nine o'clock until two o'clock.
#2165 RS,RS,Speaking one or more foreign languages will be useful in your career.
#2166 RS,RS,One of the first mass transit systems was located in France.
#2167 RS,RS,All the works you consult need to be mentioned in the bibliography.
#2169 RS,RS,The support and advice of lecturers within the department has been invaluable.
#2170 RS,RS,"At the end of the day, people want to profit from return on their investment."
#2171 RS,RS,A balanced diet will help you study more effectively.
#2172 RS,RS,Our capacity to serve the community is a vital part of our role.
#2174 RS,RS,I think that to raise the issue and to talk about it is great.
#2175 RS,RS,This will be the first art exhibition to be held by the university.
#2176 RS,RS,The assessment of this course will begin next week.
#2177 RS,RS,Tomorrow's lecture has been canceled due to the power cut.
#2279 RS,RS,The chemistry building is located near the entrance of the campus.
#2280 RS,RS,"By logging in, you agree to all terms and conditions regarding your enrollment."
#2281 RS,RS,Compiling a bibliography can present a major challenge for some students.
#2282 RS,RS,Please read the article that was given out yesterday.
#2283 RS,RS,Please make sure you use the standard form of quotation.
#2284 RS,RS,Living in the twenty first century is increasingly stressful.
#2285 RS,RS,Renewable energy sources are now used to produce electricity.
#2286 RS,RS,We have specially assigned staff to help you find appropriate work placements.
#2288 RS,RS,Most of the student advisors are extremely helpful.
#2289 RS,RS,The office opens on Monday and Thursday following the freshman seminar.
#2292 RS,RS,Such behaviors are regarded as a deviation of the norm.
#2293 RS,RS,His particular interest is in the eighteenth century French society.
#2294 RS,RS,None of the students found it difficult to get a job.
#2294 RS,RS,The university hosts a wide range of events both on and off campus.
#2295 RS,RS,You have to submit the project by the end of the week.
#2296 RS,RS,It is expected that all students have their own laptops.
#2299 RS,RS,Students fear to write essays because they do not know how to do it.
#2303 RS,RS,There is a lot more about this topic on the university website.
#2304 RS,RS,The origin of psychology can be traced back to ancient Greece.
#2305 RS,RS,The graph shows the population growth in the last century.
#2306 RS,RS,The full list of undergraduate and postgraduate programs can be found on the website.
#2307 RS,RS,After considering all the options she decided to take risks.
#2362 RS,RS,The result of the experiment indicates that further research is needed.
#2363 RS,RS,The study demonstrates a need for further research in this field.
#2364 RS,RS,Scientific beneficiary to space exploration is frequently questioned.
#2370 RS,RS,The students usually complete their projects in November.
#2419 RS,RS,The train will not stop at the southern station due to the construction.
#2493 RS,RS,Occupations in engineering are increasing rapidly.
#2511 RS,RS,The current statistical evidence shows that further research is required.
#2531 RS,RS,The woman said she could help me get a replacement travel pass.
#2590 RS,RS,Transportation is only provided under special circumstances.
#2591 RS,RS,The train is leaving in a few minutes.
#2600 RS,RS,We will discuss these two pictures in the next lecture.
#2603 RS,RS,"The fire ruined many plants in that place, causing severe destruction."
#2622 RS,RS,The bookshop is located on the north of the main campus.
#2634 RS,RS,Talented people do specialized marketing.
#2636 RS,RS,Please take these up to Mr Mitchell in the chemistry lab.
#2641 RS,RS,Please make sure that your assignments are successfully submitted via the online portal.
#2660 RS,RS,The graph shows the percentage of people who smoke according to gender.
#2667 RS,RS,Students have the opportunity to share their lunch during the common lunch break around noon.
#2668 RS,RS,The free workshop will be conducted this Wednesday on the fourth floor of the department.
#2669 RS,RS,The deadline for the essay is tomorrow.
#2673 RS,RS,This lecture will discuss three different areas of digital technology.
#2705 RS,RS,All the messages should be included on the website.
#2707 RS,RS,Collaboration between departments has led to groundbreaking research.
#2743 RS,RS,This course will discuss reading and writing skills.
#2755 RS,RS,Postgraduate students need to complete the evaluation form before the end of the term.
#2772 RS,RS,The main library is at the heart of the campus.
#2782 RS,RS,There are office welcome events for both undergraduate and postgraduate students.
#2816 RS,RS,The facts you have garnered with such infinite trouble invariably fail you at a pinch.
#2847 RS,RS,This parking space is for the employee of the month.
#2854 RS,RS,Try to get through it as soon as possible.
#2855 RS,RS,We often ask our students to get access to all sorts of services.
#2856 RS,RS,This program is running in partnership with a number of departments.
#2857 RS,RS,Your abstract should contain the empirical evidence of your research.
#2858 RS,RS,I haven't done a lot of work in this area.
#2859 RS,RS,The students are supposed to assemble in the seminar hall before the announcement.
#2860 RS,RS,You are not sure that you can skip the sessions for Wednesday.
#2861 RS,RS,Car park permits can be obtained at the student service center.
#2862 RS,RS,We will change the classroom because this one is too small.
#2863 RS,RS,Higher education means higher pay and more opportunities you will get.
#2864 RS,RS,"If finance is a cause of concern, scholarships may be available."
#2865 RS,RS,Scientists are always asking the government for more money.
#2866 RS,RS,Students are allowed to bring dictionaries to the exam.
